,Unnamed: 0,id_name,is_potentially_hazardous_asteroid,estimated_diameter.meters.estimated_diameter_min,estimated_diameter.meters.estimated_diameter_max,close_approach_date,epoch_date_close_approach,orbiting_body,relative_velocity.kilometers_per_second,relative_velocity.kilometers_per_hour,orbit_class_description
0,0,2154652-154652 (2004 EP20),False,483.6764882185,1081.533506775,1995-01-07 00:00:00.000000,1970-01-01 00:13:09.467580,earth,16.1428635186,58114.3086669449,  Near-Earth-asteroid-orbits-similar-to-that-of-2062-Aten  
1,1,3153509-(2003 HM),True,96.5061469579,215.7943048444,1995-01-07 00:00:00.000000,1970-01-01 00:13:09.491340,earth,12.3510438151,44463.7577343496,  Near-Earth-asteroid-orbits-which-cross-the-Earth’s-orbit-similar-to-that-of-1862-Apollo 
2,3,3837644-(2019 AY3),False,46.1907460282,103.2856480504,1995-01-07 00:00:00.000000,1970-01-01 00:13:09.513900,earth,22.4786152837,80923.0150213416,  Near-Earth-asteroid-orbits-similar-to-that-of-2062-Aten  
3,4,3843493-(2019 PY),False,22.1082810359,49.435619262,1995-01-07 00:00:00.000000,1970-01-01 00:13:09.446700,earth,4.9986912098,17995.2883553078, Near-Earth-asteroid-orbits-similar-to-that-of-1221-Amor  
4,5,3765015-(2016 WR48),False,160.1603379786,358.1294030194,1995-01-08 00:00:00.000000,1970-01-01 00:13:09.569160,earth,7.4650893561,26874.3216818148, An-asteroid-orbit-contained-entirely-within-the-orbit-of-the-Eart  
5,6,3824107-(2018 JB3),False,802.7031672829,1794.8988477988,1995-01-08 00:00:00.000000,1970-01-01 00:13:09.562440,earth,32.1607528615,115778.71030144,  Near-Earth-asteroid-orbits-which-cross-the-Earth’s-orbit-similar-to-that-of-1862-Apollo 
6,7,2446862-446862 (2001 VB76),True,231.5021222103,517.6544821978,1995-01-08 00:00:00.000000,1970-01-01 00:13:09.556380,earth,7.5907111593,27326.560173582, Near-Earth-asteroid-orbits-similar-to-that-of-1221-Amor  
7,8,3623683-(2013 AG53),False,27.8326768072,62.2357573367,1995-01-05 00:00:00.000000,1970-01-01 00:13:09.285720,earth,5.4474225417,19610.7211502161, Near-Earth-asteroid-orbits-similar-to-that-of-1221-Amor  
8,9,3645123-(2013 NX23),False,483.6764882185,1081.533506775,1995-01-05 00:00:00.000000,1970-01-01 00:13:09.345060,earth,21.6051988007,77778.7156823659, Near-Earth-asteroid-orbits-similar-to-that-of-1221-Amor  
9,10,2416151-416151 (2002 RQ25),False,192.5550781879,430.566244241,1995-01-05 00:00:00.000000,1970-01-01 00:13:09.276480,earth,7.6363343327,27490.8035975483, Near-Earth-asteroid-orbits-similar-to-that-of-1221-Amor  
10,11,3550117-(2010 VB),False,20.1629919443,45.0858206172,1995-01-05 00:00:00.000000,1970-01-01 00:13:09.316320,earth,7.7759841602,27993.542976657,  Near-Earth-asteroid-orbits-which-cross-the-Earth’s-orbit-similar-to-that-of-1862-Apollo 
11,12,3471692-(2009 UP1),False,291.4439045349,651.6883821679,1995-01-06 00:00:00.000000,1970-01-01 00:13:09.402360,earth,13.7631523886,49547.3485989409,  Near-Earth-asteroid-orbits-which-cross-the-Earth’s-orbit-similar-to-that-of-1862-Apollo 
12,13,3713272-(2015 EF7),False,35.0392641108,78.3501764334,1995-01-06 00:00:00.000000,1970-01-01 00:13:09.367860,earth,6.6616654938,23981.9957775161,  Near-Earth-asteroid-orbits-which-cross-the-Earth’s-orbit-similar-to-that-of-1862-Apollo 
13,14,2137062-137062 (1998 WM),False,1272.1987853936,2844.7229650327,1995-01-06 00:00:00.000000,1970-01-01 00:13:09.367620,earth,9.6048767738,34577.5563855991, Near-Earth-asteroid-orbits-similar-to-that-of-1221-Amor  
14,15,3893486-(2019 WN2),False,8.4053340207,18.7948982439,1995-01-06 00:00:00.000000,1970-01-01 00:13:09.352860,earth,7.0205499158,25273.9796969348,  Near-Earth-asteroid-orbits-similar-to-that-of-2062-Aten  
15,16,3766463-(2017 AY13),True,133.2155666981,297.8790627982,1995-01-03 00:00:00.000000,1970-01-01 00:13:09.096660,earth,14.2350916869,51246.3300727039,  Near-Earth-asteroid-orbits-which-cross-the-Earth’s-orbit-similar-to-that-of-1862-Apollo 
16,17,3342323-(2006 SF6),True,278.3267680719,622.3575733667,1995-01-03 00:00:00.000000,1970-01-01 00:13:09.120000,earth,5.2486366908,18895.0920867914,  Near-Earth-asteroid-orbits-which-cross-the-Earth’s-orbit-similar-to-that-of-1862-Apollo 
17,19,2452807-452807 (2006 KV89),True,146.0679642714,326.6178974458,1995-01-03 00:00:00.000000,1970-01-01 00:13:09.103980,earth,5.2019174692,18726.9028892138,  Near-Earth-asteroid-orbits-which-cross-the-Earth’s-orbit-similar-to-that-of-1862-Apollo 
18,20,2481394-481394 (2006 SF6),True,278.3267680719,622.3575733667,1995-01-03 00:00:00.000000,1970-01-01 00:13:09.157020,earth,5.2487147466,18895.3730879092,  Near-Earth-asteroid-orbits-which-cross-the-Earth’s-orbit-similar-to-that-of-1862-Apollo 
19,21,2308041-308041 (2004 TN),False,441.1181999969,986.3702813054,1995-01-04 00:00:00.000000,1970-01-01 00:13:09.244380,earth,15.4530476495,55630.9715383354,  Near-Earth-asteroid-orbits-similar-to-that-of-2062-Aten  
20,22,3359282-(2006 WN3),False,291.4439045349,651.6883821679,1995-01-04 00:00:00.000000,1970-01-01 00:13:09.184320,earth,14.2722708044,51380.1748958573,  Near-Earth-asteroid-orbits-similar-to-that-of-2062-Aten  
21,23,3485631-(2010 AF40),False,26.58,59.4346868419,1995-01-04 00:00:00.000000,1970-01-01 00:13:09.194220,earth,25.3475444872,91251.1601539319,  Near-Earth-asteroid-orbits-similar-to-that-of-2062-Aten  
22,24,3825569-(2018 NF1),False,31.9561886721,71.4562101727,1995-01-04 00:00:00.000000,1970-01-01 00:13:09.234240,earth,9.81018732,35316.6743519151,  Near-Earth-asteroid-orbits-similar-to-that-of-2062-Aten  
23,26,2138947-138947 (2001 BA40),False,506.4714588346,1132.5046106177,1995-01-04 00:00:00.000000,1970-01-01 00:13:09.221760,earth,10.1550915818,36558.3296945282,  Near-Earth-asteroid-orbits-which-cross-the-Earth’s-orbit-similar-to-that-of-1862-Apollo 
24,27,3716433-(2015 HA1),False,152.9519353442,342.0109247198,1995-01-04 00:00:00.000000,1970-01-01 00:13:09.225180,earth,17.398716775,62635.3803901775,  Near-Earth-asteroid-orbits-similar-to-that-of-2062-Aten  
25,28,3766036-(2016 XR23),False,22.1082810359,49.435619262,1995-01-04 00:00:00.000000,1970-01-01 00:13:09.246000,earth,19.5043542583,70215.675330042,  Near-Earth-asteroid-orbits-similar-to-that-of-2062-Aten  
26,29,3843734-(2019 RA),False,21.113244479,47.2106498806,1995-01-04 00:00:00.000000,1970-01-01 00:13:09.178620,earth,5.4829884789,19738.7585239395,  Near-Earth-asteroid-orbits-which-cross-the-Earth’s-orbit-similar-to-that-of-1862-Apollo 
27,31,3792437-(2017 XR61),False,63.7609789875,142.5738833281,1995-01-01 00:00:00.000000,1970-01-01 00:13:08.968980,earth,16.5213860889,59476.989919936, An-asteroid-orbit-contained-entirely-within-the-orbit-of-the-Eart  
28,32,3723955-(2015 NK3),False,146.0679642714,326.6178974458,1995-01-01 00:00:00.000000,1970-01-01 00:13:08.930700,earth,18.1139850263,65210.3460948409, An-asteroid-orbit-contained-entirely-within-the-orbit-of-the-Eart  
29,33,3553279-(2010 XB24),True,116.0259082094,259.4418179074,1995-01-02 00:00:00.000000,1970-01-01 00:13:09.059520,earth,14.9782587738,53921.7315857621, Near-Earth-asteroid-orbits-similar-to-that-of-1221-Amor  
30,34,3825428-(2018 MA5),False,14.6067964271,32.6617897446,1995-01-02 00:00:00.000000,1970-01-01 00:13:09.017280,earth,6.4021620104,23047.7832375179, Near-Earth-asteroid-orbits-similar-to-that-of-1221-Amor  
31,35,3639467-(2013 LC1),False,44.1118199997,98.6370281305,1995-01-02 00:00:00.000000,1970-01-01 00:13:09.075420,earth,11.5802363188,41688.8507475223, An-asteroid-orbit-contained-entirely-within-the-orbit-of-the-Eart  
32,36,3703059-(2014 YE15),False,5.8150703965,13.0028927004,1995-01-02 00:00:00.000000,1970-01-01 00:13:09.051600,earth,15.1128684067,54406.326264187,  Near-Earth-asteroid-orbits-similar-to-that-of-2062-Aten  
33,37,3943319-(2019 YS),False,1.332155667,2.978790628,1995-01-02 00:00:00.000000,1970-01-01 00:13:09.086460,earth,2.9755350607,10711.9262185554,  Near-Earth-asteroid-orbits-which-cross-the-Earth’s-orbit-similar-to-that-of-1862-Apollo 
34,38,54016806-(2020 HT7),False,11.2345317672,25.1211767268,1995-01-02 00:00:00.000000,1970-01-01 00:13:09.018840,earth,7.1500141326,25740.0508773213, Near-Earth-asteroid-orbits-similar-to-that-of-1221-Amor  
35,39,3842683-(2019 LO),False,8.0270316728,17.948988478,1995-01-09 00:00:00.000000,1970-01-01 00:13:09.627180,earth,7.6152812259,27415.0124133414,  Near-Earth-asteroid-orbits-which-cross-the-Earth’s-orbit-similar-to-that-of-1862-Apollo 
36,40,3366282-(2007 BD),False,22.1082810359,49.435619262,1995-01-09 00:00:00.000000,1970-01-01 00:13:09.652920,earth,23.3997220939,84238.9995379446, An-asteroid-orbit-contained-entirely-within-the-orbit-of-the-Eart  
37,41,3544935-(2010 PW58),True,121.4940407996,271.6689340891,1995-01-09 00:00:00.000000,1970-01-01 00:13:09.669240,earth,11.1607357991,40178.6488767589,  Near-Earth-asteroid-orbits-which-cross-the-Earth’s-orbit-similar-to-that-of-1862-Apollo 
38,42,3797669-(2018 AW11),False,17.561231848,39.2681081809,1995-01-09 00:00:00.000000,1970-01-01 00:13:09.667320,earth,5.7808744202,20811.1479127669, An-asteroid-orbit-contained-entirely-within-the-orbit-of-the-Eart  
39,43,3735599-(2015 WA13),False,16.0160337979,35.8129403019,1995-01-09 00:00:00.000000,1970-01-01 00:13:09.674400,earth,8.1492924834,29337.4529404107, Near-Earth-asteroid-orbits-similar-to-that-of-1221-Amor  
40,44,3102756-(2002 AO11),False,76.6575573531,171.4115092306,1995-01-14 00:00:00.000000,1970-01-01 00:13:10.066980,earth,11.6500973732,41940.3505436064, Near-Earth-asteroid-orbits-similar-to-that-of-1221-Amor  
41,45,2434632-434632 (2005 WE),False,291.4439045349,651.6883821679,1995-01-14 00:00:00.000000,1970-01-01 00:13:10.046160,earth,10.1296631155,36466.7872158652,  Near-Earth-asteroid-orbits-similar-to-that-of-2062-Aten  
42,46,3457846-(2009 HG21),False,26.58,59.4346868419,1995-01-14 00:00:00.000000,1970-01-01 00:13:10.084260,earth,13.7000461198,49320.1660312508, Near-Earth-asteroid-orbits-similar-to-that-of-1221-Amor  
43,47,2495323-495323 (2014 JG78),False,319.5618867213,714.5621017269,1995-01-15 00:00:00.000000,1970-01-01 00:13:10.212960,earth,10.8088500572,38911.8602059758, An-asteroid-orbit-contained-entirely-within-the-orbit-of-the-Eart  
44,48,2510055-510055 (2010 FH81),True,127.2198785394,284.4722965033,1995-01-15 00:00:00.000000,1970-01-01 00:13:10.138380,earth,9.8408312207,35426.9923944775,  Near-Earth-asteroid-orbits-which-cross-the-Earth’s-orbit-similar-to-that-of-1862-Apollo 
45,49,3514799-(2010 FH81),True,127.2198785394,284.4722965033,1995-01-15 00:00:00.000000,1970-01-01 00:13:10.156800,earth,9.8408316738,35426.9940257225, An-asteroid-orbit-contained-entirely-within-the-orbit-of-the-Eart  
46,50,3671135-(2014 JG78),False,319.5618867213,714.5621017269,1995-01-15 00:00:00.000000,1970-01-01 00:13:10.156800,earth,10.8088439585,38911.83825064,  Near-Earth-asteroid-orbits-similar-to-that-of-2062-Aten  
47,51,3092506-(2001 WJ4),False,8.801465209,19.6806745089,1995-01-15 00:00:00.000000,1970-01-01 00:13:10.160880,earth,11.1738744976,40225.948191338,  Near-Earth-asteroid-orbits-which-cross-the-Earth’s-orbit-similar-to-that-of-1862-Apollo 
48,52,3761747-(2016 UO41),False,35.0392641108,78.3501764334,1995-01-15 00:00:00.000000,1970-01-01 00:13:10.154820,earth,10.3790222165,37364.4799793748,  Near-Earth-asteroid-orbits-similar-to-that-of-2062-Aten  
49,53,3709080-(2015 BV510),False,211.1324447897,472.1064988055,1995-01-15 00:00:00.000000,1970-01-01 00:13:10.182960,earth,32.1281627776,115661.385999198, An-asteroid-orbit-contained-entirely-within-the-orbit-of-the-Eart  
50,54,3485806-(2010 AL60),False,88.0146520901,196.8067450894,1995-01-12 00:00:00.000000,1970-01-01 00:13:09.894300,earth,11.6706583618,42014.3701023385, An-asteroid-orbit-contained-entirely-within-the-orbit-of-the-Eart  
51,55,3371143-(2007 EO88),False,13.9493822934,31.1917670523,1995-01-12 00:00:00.000000,1970-01-01 00:13:09.922980,earth,9.8910525391,35607.7891408843, An-asteroid-orbit-contained-entirely-within-the-orbit-of-the-Eart  
52,56,2230111-230111 (2001 BE10),True,402.3045798343,899.5803881691,1995-01-12 00:00:00.000000,1970-01-01 00:13:09.936780,earth,16.2693534256,58569.6723322741,  Near-Earth-asteroid-orbits-which-cross-the-Earth’s-orbit-similar-to-that-of-1862-Apollo 
53,57,2002062-2062 Aten (1976 AA),False,1010.5434154201,2259.643771094,1995-01-12 00:00:00.000000,1970-01-01 00:13:09.875040,earth,10.3240519745,37166.5871082511, Near-Earth-asteroid-orbits-similar-to-that-of-1221-Amor  
54,58,3515451-(2010 GV23),False,8.0270316728,17.948988478,1995-01-12 00:00:00.000000,1970-01-01 00:13:09.908040,earth,6.4940324303,23378.5167492441,  Near-Earth-asteroid-orbits-which-cross-the-Earth’s-orbit-similar-to-that-of-1862-Apollo 
55,60,3766324-(2017 AY3),False,201.6299194428,450.8582061718,1995-01-12 00:00:00.000000,1970-01-01 00:13:09.890520,earth,15.7875149268,56835.0537363864,  Near-Earth-asteroid-orbits-similar-to-that-of-2062-Aten  
56,61,3837932-(2019 AY13),False,84.0533402073,187.9489824394,1995-01-12 00:00:00.000000,1970-01-01 00:13:09.938520,earth,18.2560546111,65721.7966001058,  Near-Earth-asteroid-orbits-which-cross-the-Earth’s-orbit-similar-to-that-of-1862-Apollo 
57,62,3837973-(2019 BO1),False,319.5618867213,714.5621017269,1995-01-12 00:00:00.000000,1970-01-01 00:13:09.905580,earth,12.4614908455,44861.3670436585,  Near-Earth-asteroid-orbits-similar-to-that-of-2062-Aten  
58,63,2152964-152964 (2000 GP82),False,766.5755735311,1714.1150923063,1995-01-13 00:00:00.000000,1970-01-01 00:13:10.001100,earth,10.7348065466,38645.3035676534,  Near-Earth-asteroid-orbits-which-cross-the-Earth’s-orbit-similar-to-that-of-1862-Apollo 
59,64,3263533-(2004 XG29),False,23.150212221,51.7654482198,1995-01-13 00:00:00.000000,1970-01-01 00:13:10.006500,earth,17.1620093391,61783.2336206074, Near-Earth-asteroid-orbits-similar-to-that-of-1221-Amor  
60,65,3736819-(2015 YE),False,55.5334911581,124.1766612574,1995-01-13 00:00:00.000000,1970-01-01 00:13:10.009800,earth,18.7825458444,67617.1650396737, An-asteroid-orbit-contained-entirely-within-the-orbit-of-the-Eart  
61,66,3361551-(2006 WR127),False,231.5021222103,517.6544821978,1995-01-13 00:00:00.000000,1970-01-01 00:13:10.010940,earth,21.5193423706,77469.6325340826,  Near-Earth-asteroid-orbits-similar-to-that-of-2062-Aten  
62,67,3704145-(2015 AB246),False,80.2703167283,179.4898847799,1995-01-13 00:00:00.000000,1970-01-01 00:13:09.962340,earth,11.5094811181,41434.1320250948,  Near-Earth-asteroid-orbits-similar-to-that-of-2062-Aten  
63,68,3314052-(2006 BO55),False,211.1324447897,472.1064988055,1995-01-13 00:00:00.000000,1970-01-01 00:13:09.993720,earth,12.6021862577,45367.8705278892, An-asteroid-orbit-contained-entirely-within-the-orbit-of-the-Eart  
64,69,2526742-526742 (2006 WR127),False,231.5021222103,517.6544821978,1995-01-13 00:00:00.000000,1970-01-01 00:13:10.010940,earth,21.5193382684,77469.6177664031,  Near-Earth-asteroid-orbits-similar-to-that-of-2062-Aten  
65,70,3117420-(2002 EY2),True,366.9061375314,820.4270648822,1995-01-10 00:00:00.000000,1970-01-01 00:13:09.703140,earth,18.9235619734,68124.8231042537,  Near-Earth-asteroid-orbits-which-cross-the-Earth’s-orbit-similar-to-that-of-1862-Apollo 
66,71,3620667-(2012 XP111),False,53.0340723319,118.5877908577,1995-01-10 00:00:00.000000,1970-01-01 00:13:09.730620,earth,3.7998353604,13679.4072975604,  Near-Earth-asteroid-orbits-which-cross-the-Earth’s-orbit-similar-to-that-of-1862-Apollo 
67,72,2163023-163023 (2001 XU1),False,366.9061375314,820.4270648822,1995-01-10 00:00:00.000000,1970-01-01 00:13:09.728400,earth,15.8881862568,57197.470524376,  Near-Earth-asteroid-orbits-which-cross-the-Earth’s-orbit-similar-to-that-of-1862-Apollo 
68,73,3366004-(2007 AA9),False,88.0146520901,196.8067450894,1995-01-10 00:00:00.000000,1970-01-01 00:13:09.760140,earth,24.2888578981,87439.8884332712, Near-Earth-asteroid-orbits-similar-to-that-of-1221-Amor  
69,74,3429684-(2008 TZ),False,22.1082810359,49.435619262,1995-01-10 00:00:00.000000,1970-01-01 00:13:09.762000,earth,14.7612903218,53140.6451584192, An-asteroid-orbit-contained-entirely-within-the-orbit-of-the-Eart  
70,77,3556126-(2011 BM45),True,127.2198785394,284.4722965033,1995-01-10 00:00:00.000000,1970-01-01 00:13:09.702540,earth,21.9477292873,79011.8254344272,  Near-Earth-asteroid-orbits-which-cross-the-Earth’s-orbit-similar-to-that-of-1862-Apollo 
71,78,2526798-526798 (2007 AA9),False,88.0146520901,196.8067450894,1995-01-10 00:00:00.000000,1970-01-01 00:13:09.760140,earth,24.2888578457,87439.8882443566, An-asteroid-orbit-contained-entirely-within-the-orbit-of-the-Eart  
72,79,2452376-452376 (2002 AC5),True,265.8,594.3468684194,1995-01-11 00:00:00.000000,1970-01-01 00:13:09.860160,earth,19.1764208552,69035.1150788215, An-asteroid-orbit-contained-entirely-within-the-orbit-of-the-Eart  
73,80,3444551-(2009 BC11),False,92.1626548503,206.0819612321,1995-01-11 00:00:00.000000,1970-01-01 00:13:09.864660,earth,24.9558613049,89841.1006977167,  Near-Earth-asteroid-orbits-which-cross-the-Earth’s-orbit-similar-to-that-of-1862-Apollo 
74,81,3520662-(2010 JR34),False,7.6657557353,17.1411509231,1995-01-11 00:00:00.000000,1970-01-01 00:13:09.790920,earth,10.9692520182,39489.3072655639,  Near-Earth-asteroid-orbits-similar-to-that-of-2062-Aten  
75,82,3703538-(2015 AA44),False,44.1118199997,98.6370281305,1995-01-11 00:00:00.000000,1970-01-01 00:13:09.845340,earth,22.4420465229,80791.3674822838,  Near-Earth-asteroid-orbits-which-cross-the-Earth’s-orbit-similar-to-that-of-1862-Apollo 
76,83,3740931-(2016 BA15),False,11.6025908209,25.9441817907,1995-01-11 00:00:00.000000,1970-01-01 00:13:09.810000,earth,27.9092028908,100473.1304067126, Near-Earth-asteroid-orbits-similar-to-that-of-1221-Amor  
77,84,3643994-(2013 LV28),False,461.9074602816,1032.8564805039,1995-01-11 00:00:00.000000,1970-01-01 00:13:09.854940,earth,25.5080689974,91829.0483906022,  Near-Earth-asteroid-orbits-which-cross-the-Earth’s-orbit-similar-to-that-of-1862-Apollo 
78,85,2250680-250680 (2005 QC5),True,305.1792325939,682.4015094011,1995-01-11 00:00:00.000000,1970-01-01 00:13:09.820140,earth,12.2268409668,44016.6274804832, An-asteroid-orbit-contained-entirely-within-the-orbit-of-the-Eart  
79,86,3170204-(2003 YS17),True,127.2198785394,284.4722965033,1995-01-11 00:00:00.000000,1970-01-01 00:13:09.797760,earth,7.7685401427,27966.7445137333, An-asteroid-orbit-contained-entirely-within-the-orbit-of-the-Eart  
80,87,3401191-(2008 BP16),False,121.4940407996,271.6689340891,1995-01-11 00:00:00.000000,1970-01-01 00:13:09.840840,earth,18.0991616726,65156.9820213503, An-asteroid-orbit-contained-entirely-within-the-orbit-of-the-Eart  
81,89,3655395-(2013 YM2),False,19.2555078188,43.0566244241,1995-01-11 00:00:00.000000,1970-01-01 00:13:09.826920,earth,11.9321657219,42955.7965988119, An-asteroid-orbit-contained-entirely-within-the-orbit-of-the-Eart  
82,91,3893736-(2019 WD5),True,116.0259082094,259.4418179074,1995-01-11 00:00:00.000000,1970-01-01 00:13:09.794520,earth,14.2571658357,51325.7970085319, Near-Earth-asteroid-orbits-similar-to-that-of-1221-Amor  
83,92,3837639-(2019 AT3),False,101.054341542,225.9643771094,1995-01-18 00:00:00.000000,1970-01-01 00:13:10.416720,earth,28.5824222435,102896.7200765568, An-asteroid-orbit-contained-entirely-within-the-orbit-of-the-Eart  
84,93,3753133-(2016 JU24),False,506.4714588346,1132.5046106177,1995-01-18 00:00:00.000000,1970-01-01 00:13:10.440120,earth,16.4888463368,59359.8468124886, An-asteroid-orbit-contained-entirely-within-the-orbit-of-the-Eart  
85,94,3837525-(2018 YK2),False,73.2073989347,163.696720474,1995-01-18 00:00:00.000000,1970-01-01 00:13:10.396200,earth,26.2464317638,94487.1543496955, An-asteroid-orbit-contained-entirely-within-the-orbit-of-the-Eart  
86,95,3797900-(2018 BJ5),False,127.2198785394,284.4722965033,1995-01-18 00:00:00.000000,1970-01-01 00:13:10.406040,earth,11.9652284017,43074.8222459735,  Near-Earth-asteroid-orbits-similar-to-that-of-2062-Aten  
87,96,3704767-(2015 BE92),False,6.3760978988,14.2573883328,1995-01-18 00:00:00.000000,1970-01-01 00:13:10.404840,earth,16.0531518159,57791.3465371435, Near-Earth-asteroid-orbits-similar-to-that-of-1221-Amor  
88,97,3797753-(2018 BV1),False,36.6906137531,82.0427064882,1995-01-18 00:00:00.000000,1970-01-01 00:13:10.388280,earth,15.980210136,57528.7564894243, An-asteroid-orbit-contained-entirely-within-the-orbit-of-the-Eart  
89,98,3836878-(2018 XP3),False,69.9125232246,156.3291544087,1995-01-18 00:00:00.000000,1970-01-01 00:13:10.420620,earth,8.8286222565,31783.0401233568, An-asteroid-orbit-contained-entirely-within-the-orbit-of-the-Eart  
90,99,3748182-(2016 FJ3),False,80.2703167283,179.4898847799,1995-01-18 00:00:00.000000,1970-01-01 00:13:10.425180,earth,13.299028136,47876.5012897044, An-asteroid-orbit-contained-entirely-within-the-orbit-of-the-Eart  
91,100,2443103-443103 (2013 WT67),True,667.6594134952,1492.931834393,1995-01-19 00:00:00.000000,1970-01-01 00:13:10.552500,earth,13.6305303871,49069.909393474,  Near-Earth-asteroid-orbits-which-cross-the-Earth’s-orbit-similar-to-that-of-1862-Apollo 
92,101,3283218-(2005 MF5),False,121.4940407996,271.6689340891,1995-01-19 00:00:00.000000,1970-01-01 00:13:10.533360,earth,26.2349697378,94445.8910559763,  Near-Earth-asteroid-orbits-which-cross-the-Earth’s-orbit-similar-to-that-of-1862-Apollo 
93,102,3625335-(2013 BC70),False,40.2304579834,89.9580388169,1995-01-16 00:00:00.000000,1970-01-01 00:13:10.266780,earth,18.6159784305,67017.5223496646, Near-Earth-asteroid-orbits-similar-to-that-of-1221-Amor  
94,104,2002340-2340 Hathor (1976 UA),True,242.4124811008,542.0507863358,1995-01-16 00:00:00.000000,1970-01-01 00:13:10.238100,earth,15.9597865749,57455.2316697415,  Near-Earth-asteroid-orbits-similar-to-that-of-2062-Aten  
95,106,54016993-(2020 JG1),False,16.8249962697,37.6218353801,1995-01-16 00:00:00.000000,1970-01-01 00:13:10.290360,earth,9.1421510542,32911.7437951207, An-asteroid-orbit-contained-entirely-within-the-orbit-of-the-Eart  
96,107,3102762-(2002 AA29),False,40.2304579834,89.9580388169,1995-01-17 00:00:00.000000,1970-01-01 00:13:10.310760,earth,12.9913363165,46768.8107394954, Near-Earth-asteroid-orbits-similar-to-that-of-1221-Amor  
97,108,3956448-(2019 YP3),False,19.2555078188,43.0566244241,1995-01-17 00:00:00.000000,1970-01-01 00:13:10.355280,earth,17.2344315811,62043.9536918491, Near-Earth-asteroid-orbits-similar-to-that-of-1221-Amor  
98,110,2373579-373579 (2002 AW11),False,483.6764882185,1081.533506775,1995-01-21 00:00:00.000000,1970-01-01 00:13:10.674900,earth,14.0998903803,50759.6053691574, Near-Earth-asteroid-orbits-similar-to-that-of-1221-Amor  
99,111,3843085-(2019 NG),False,36.6906137531,82.0427064882,1995-01-21 00:00:00.000000,1970-01-01 00:13:10.654860,earth,7.532718152,27117.7853473052, Near-Earth-asteroid-orbits-similar-to-that-of-1221-Amor  
100,112,3788091-(2017 UR7),False,319.5618867213,714.5621017269,1995-01-22 00:00:00.000000,1970-01-01 00:13:10.759920,earth,16.8844014801,60783.8453284741, An-asteroid-orbit-contained-entirely-within-the-orbit-of-the-Eart  
101,113,3794988-(2017 YZ1),True,221.0828103591,494.3561926196,1995-01-22 00:00:00.000000,1970-01-01 00:13:10.751640,earth,11.6741465305,42026.9275099544, Near-Earth-asteroid-orbits-similar-to-that-of-1221-Amor  
102,114,2153315-153315 (2001 NH6),False,319.5618867213,714.5621017269,1995-01-22 00:00:00.000000,1970-01-01 00:13:10.787820,earth,24.4218373587,87918.6144913344, Near-Earth-asteroid-orbits-similar-to-that-of-1221-Amor  
103,115,2162463-162463 (2000 JH5),False,766.5755735311,1714.1150923063,1995-01-22 00:00:00.000000,1970-01-01 00:13:10.779960,earth,17.3737842613,62545.6233405623, Near-Earth-asteroid-orbits-similar-to-that-of-1221-Amor  
104,117,3444370-(2009 BH2),False,88.0146520901,196.8067450894,1995-01-22 00:00:00.000000,1970-01-01 00:13:10.777020,earth,22.3739049599,80546.0578557412,  Near-Earth-asteroid-orbits-similar-to-that-of-2062-Aten  
105,118,3448992-(2009 DD45),False,18.388867207,41.1187571041,1995-01-22 00:00:00.000000,1970-01-01 00:13:10.756380,earth,17.2746114639,62188.6012700346,  Near-Earth-asteroid-orbits-similar-to-that-of-2062-Aten  
106,119,3611400-(2012 UC),False,26.58,59.4346868419,1995-01-22 00:00:00.000000,1970-01-01 00:13:10.783440,earth,12.1185099373,43626.6357742159, An-asteroid-orbit-contained-entirely-within-the-orbit-of-the-Eart  
107,120,3264189-(2004 YD),False,42.1264610556,94.1976305719,1995-01-20 00:00:00.000000,1970-01-01 00:13:10.595640,earth,10.4078371003,37468.2135612528, An-asteroid-orbit-contained-entirely-within-the-orbit-of-the-Eart  
108,121,3740496-(2016 AG193),False,53.0340723319,118.5877908577,1995-01-20 00:00:00.000000,1970-01-01 00:13:10.606080,earth,15.259069392,54932.6498111989, Near-Earth-asteroid-orbits-similar-to-that-of-1221-Amor  
109,122,3702918-(2014 YC9),False,44.1118199997,98.6370281305,1995-01-20 00:00:00.000000,1970-01-01 00:13:10.605840,earth,7.5241225943,27086.8413394526,  Near-Earth-asteroid-orbits-which-cross-the-Earth’s-orbit-similar-to-that-of-1862-Apollo 
110,123,3092134-(1995 BK2),False,80.2703167283,179.4898847799,1995-01-29 00:00:00.000000,1970-01-01 00:13:11.352120,earth,14.8737367384,53545.4522582771,  Near-Earth-asteroid-orbits-similar-to-that-of-2062-Aten  
111,124,2103067-103067 (1999 XA143),True,1160.2590820944,2594.4181790745,1995-01-29 00:00:00.000000,1970-01-01 00:13:11.378400,earth,26.152266264,94148.1585503345, Near-Earth-asteroid-orbits-similar-to-that-of-1221-Amor  
112,125,3802063-(2018 FV3),False,21.113244479,47.2106498806,1995-01-29 00:00:00.000000,1970-01-01 00:13:11.406960,earth,4.7052001796,16938.7206464335,  Near-Earth-asteroid-orbits-similar-to-that-of-2062-Aten  
113,127,3769817-(2017 DU34),False,11.6025908209,25.9441817907,1995-01-29 00:00:00.000000,1970-01-01 00:13:11.356500,earth,18.156127252,65362.0581071525,  Near-Earth-asteroid-orbits-which-cross-the-Earth’s-orbit-similar-to-that-of-1862-Apollo 
114,128,2396793-396793 (2004 JN2),False,253.8370293645,567.5968528656,1995-01-27 00:00:00.000000,1970-01-01 00:13:11.215440,earth,14.1607747201,50978.7889925314, An-asteroid-orbit-contained-entirely-within-the-orbit-of-the-Eart  
115,130,3556968-(2011 CT4),True,183.8886720703,411.1875710413,1995-01-27 00:00:00.000000,1970-01-01 00:13:11.174880,earth,29.4113861383,105880.9900977965, An-asteroid-orbit-contained-entirely-within-the-orbit-of-the-Eart  
116,131,3768617-(2017 CP1),False,31.9561886721,71.4562101727,1995-01-27 00:00:00.000000,1970-01-01 00:13:11.199900,earth,9.2549534024,33317.8322487111, Near-Earth-asteroid-orbits-similar-to-that-of-1221-Amor  
117,132,3451792-(2009 FH),False,12.7219878539,28.4472296503,1995-01-27 00:00:00.000000,1970-01-01 00:13:11.221260,earth,4.2327906836,15238.0464608016,  Near-Earth-asteroid-orbits-which-cross-the-Earth’s-orbit-similar-to-that-of-1862-Apollo 
118,133,3831167-(2018 TC),False,12.7219878539,28.4472296503,1995-01-27 00:00:00.000000,1970-01-01 00:13:11.249160,earth,8.5994425119,30957.9930428901, Near-Earth-asteroid-orbits-similar-to-that-of-1221-Amor  
119,134,3879275-(2019 UU1),False,2.2108281036,4.9435619262,1995-01-27 00:00:00.000000,1970-01-01 00:13:11.239860,earth,7.3642513415,26511.3048293448, Near-Earth-asteroid-orbits-similar-to-that-of-1221-Amor  
120,135,2393569-393569 (2003 JC13),False,231.5021222103,517.6544821978,1995-01-28 00:00:00.000000,1970-01-01 00:13:11.315820,earth,20.74106128,74667.8206079143,  Near-Earth-asteroid-orbits-similar-to-that-of-2062-Aten  
121,136,3788891-(2017 UA45),False,16.0160337979,35.8129403019,1995-01-28 00:00:00.000000,1970-01-01 00:13:11.321820,earth,3.664721939,13192.9989804473, Near-Earth-asteroid-orbits-similar-to-that-of-1221-Amor  
122,137,3763424-(2016 VG2),False,350.3926411083,783.5017643338,1995-01-28 00:00:00.000000,1970-01-01 00:13:11.277240,earth,15.9660121288,57477.6436636246, Near-Earth-asteroid-orbits-similar-to-that-of-1221-Amor  
123,138,2005751-5751 Zao (1992 AC),False,2914.4390453486,6516.883821679,1995-01-25 00:00:00.000000,1970-01-01 00:13:11.073240,earth,8.6774492303,31238.8172290412, Near-Earth-asteroid-orbits-similar-to-that-of-1221-Amor  
124,140,3689345-(2014 SW141),False,92.1626548503,206.0819612321,1995-01-25 00:00:00.000000,1970-01-01 00:13:11.019960,earth,6.3517771942,22866.3978992155,  Near-Earth-asteroid-orbits-which-cross-the-Earth’s-orbit-similar-to-that-of-1862-Apollo 
125,141,3797849-(2018 BY2),True,211.1324447897,472.1064988055,1995-01-25 00:00:00.000000,1970-01-01 00:13:11.020080,earth,17.8355471184,64207.9696261723,  Near-Earth-asteroid-orbits-similar-to-that-of-2062-Aten  
126,142,3724644-(2015 OL35),True,667.6594134952,1492.931834393,1995-01-25 00:00:00.000000,1970-01-01 00:13:11.036040,earth,17.2838534152,62221.8722947351, Near-Earth-asteroid-orbits-similar-to-that-of-1221-Amor  
127,143,3837955-(2019 BA1),False,96.5061469579,215.7943048444,1995-01-25 00:00:00.000000,1970-01-01 00:13:11.049660,earth,19.4399963922,69983.9870118239,  Near-Earth-asteroid-orbits-which-cross-the-Earth’s-orbit-similar-to-that-of-1862-Apollo 
128,144,3365921-(2007 AM),False,121.4940407996,271.6689340891,1995-01-25 00:00:00.000000,1970-01-01 00:13:11.059920,earth,26.0391297057,93740.866940381, An-asteroid-orbit-contained-entirely-within-the-orbit-of-the-Eart  
129,145,3703539-(2015 AB44),False,80.2703167283,179.4898847799,1995-01-25 00:00:00.000000,1970-01-01 00:13:11.045400,earth,18.068443554,65046.3967943636,  Near-Earth-asteroid-orbits-which-cross-the-Earth’s-orbit-similar-to-that-of-1862-Apollo 
130,146,3715092-(2015 FW284),False,27.8326768072,62.2357573367,1995-01-25 00:00:00.000000,1970-01-01 00:13:11.002620,earth,12.9327582532,46557.9297115466, Near-Earth-asteroid-orbits-similar-to-that-of-1221-Amor  
131,147,3827172-(2018 RC1),False,15.2951935344,34.201092472,1995-01-25 00:00:00.000000,1970-01-01 00:13:11.036760,earth,6.4970772547,23389.4781170659, Near-Earth-asteroid-orbits-similar-to-that-of-1221-Amor  
132,148,2496816-496816 (1989 UP),True,211.1324447897,472.1064988055,1995-01-26 00:00:00.000000,1970-01-01 00:13:11.152800,earth,18.5649767737,66833.9163852563,  Near-Earth-asteroid-orbits-which-cross-the-Earth’s-orbit-similar-to-that-of-1862-Apollo 
133,150,3001825-(1989 UP),True,183.8886720703,411.1875710413,1995-01-26 00:00:00.000000,1970-01-01 00:13:11.107200,earth,18.5649764223,66833.9151204118,  Near-Earth-asteroid-orbits-similar-to-that-of-2062-Aten  
134,151,3019640-(1999 JE1),True,278.3267680719,622.3575733667,1995-01-26 00:00:00.000000,1970-01-01 00:13:11.107200,earth,36.9271608962,132937.7792264395, Near-Earth-asteroid-orbits-similar-to-that-of-1221-Amor  
135,152,3555677-(2011 BX11),False,73.2073989347,163.696720474,1995-01-26 00:00:00.000000,1970-01-01 00:13:11.109300,earth,10.3152870051,37135.0332183913, An-asteroid-orbit-contained-entirely-within-the-orbit-of-the-Eart  
136,153,3591721-(2011 YH28),True,221.0828103591,494.3561926196,1995-01-26 00:00:00.000000,1970-01-01 00:13:11.104080,earth,28.9116973021,104082.1102876284,  Near-Earth-asteroid-orbits-similar-to-that-of-2062-Aten  
137,154,3727630-(2015 RE83),False,96.5061469579,215.7943048444,1995-01-26 00:00:00.000000,1970-01-01 00:13:11.125980,earth,12.4523583777,44828.490159598,  Near-Earth-asteroid-orbits-which-cross-the-Earth’s-orbit-similar-to-that-of-1862-Apollo 
138,156,2162922-162922 (2001 OY13),True,183.8886720703,411.1875710413,1995-01-26 00:00:00.000000,1970-01-01 00:13:11.106540,earth,7.1673309964,25802.3915869233,  Near-Earth-asteroid-orbits-which-cross-the-Earth’s-orbit-similar-to-that-of-1862-Apollo 
139,157,2508774-508774 (1999 JE1),True,291.4439045349,651.6883821679,1995-01-26 00:00:00.000000,1970-01-01 00:13:11.112300,earth,36.9271610612,132937.7798204377, Near-Earth-asteroid-orbits-similar-to-that-of-1221-Amor  
140,158,3742340-(2016 CJ136),False,127.2198785394,284.4722965033,1995-01-26 00:00:00.000000,1970-01-01 00:13:11.127840,earth,16.1281080333,58061.1889197817,  Near-Earth-asteroid-orbits-similar-to-that-of-2062-Aten  
141,159,3759745-(2016 SN2),False,175.6123184804,392.6810818086,1995-01-26 00:00:00.000000,1970-01-01 00:13:11.137860,earth,34.1722014834,123019.925340191, Near-Earth-asteroid-orbits-similar-to-that-of-1221-Amor  
142,160,3638237-(2013 JN7),True,167.7084621628,375.0075217981,1995-01-23 00:00:00.000000,1970-01-01 00:13:10.904040,earth,17.4160515605,62697.7856179688, An-asteroid-orbit-contained-entirely-within-the-orbit-of-the-Eart  
143,161,3726014-(2015 PR228),True,291.4439045349,651.6883821679,1995-01-23 00:00:00.000000,1970-01-01 00:13:10.872360,earth,15.4442462523,55599.2865082174, Near-Earth-asteroid-orbits-similar-to-that-of-1221-Amor  
144,162,2340666-340666 (2006 RO36),False,732.0739893473,1636.96720474,1995-01-23 00:00:00.000000,1970-01-01 00:13:10.877220,earth,13.4515927281,48425.7338209944, Near-Earth-asteroid-orbits-similar-to-that-of-1221-Amor  
145,163,2418265-418265 (2008 EA32),False,1394.9382293439,3119.1767052261,1995-01-23 00:00:00.000000,1970-01-01 00:13:10.864740,earth,18.3184771336,65946.5176808448, Near-Earth-asteroid-orbits-similar-to-that-of-1221-Amor  
146,164,3378868-(2007 ML13),False,253.8370293645,567.5968528656,1995-01-23 00:00:00.000000,1970-01-01 00:13:10.861920,earth,10.2254751657,36811.7105963641,  Near-Earth-asteroid-orbits-which-cross-the-Earth’s-orbit-similar-to-that-of-1862-Apollo 
147,165,3989181-(2020 BA8),False,84.0146411251,187.862448661,1995-01-23 00:00:00.000000,1970-01-01 00:13:10.833300,earth,26.7410738185,96267.8657464297, Near-Earth-asteroid-orbits-similar-to-that-of-1221-Amor  
148,166,3092136-(1995 DV1),False,66.7659413495,149.2931834393,1995-01-24 00:00:00.000000,1970-01-01 00:13:10.962120,earth,10.1853480584,36667.2530102342,  Near-Earth-asteroid-orbits-similar-to-that-of-2062-Aten  
149,167,3837908-(2019 AN13),False,183.8886720703,411.1875710413,1995-01-24 00:00:00.000000,1970-01-01 00:13:10.933740,earth,4.5464176773,16367.1036381088, Near-Earth-asteroid-orbits-similar-to-that-of-1221-Amor  
150,168,3520755-(2010 JU39),True,319.5618867213,714.5621017269,1995-01-24 00:00:00.000000,1970-01-01 00:13:10.934400,earth,29.0975746576,104751.2687672923, An-asteroid-orbit-contained-entirely-within-the-orbit-of-the-Eart  
151,169,2494999-494999 (2010 JU39),True,305.1792325939,682.4015094011,1995-01-24 00:00:00.000000,1970-01-01 00:13:10.969980,earth,29.0975653046,104751.2350965809, Near-Earth-asteroid-orbits-similar-to-that-of-1221-Amor  
152,171,3759724-(2016 SA2),False,6.0891262211,13.6157001539,1995-01-24 00:00:00.000000,1970-01-01 00:13:10.954020,earth,6.9725764248,25101.2751293536,  Near-Earth-asteroid-orbits-which-cross-the-Earth’s-orbit-similar-to-that-of-1862-Apollo 
153,172,3767264-(2017 BS32),False,9.6506146958,21.5794304844,1995-01-24 00:00:00.000000,1970-01-01 00:13:10.927860,earth,20.4060831379,73461.8992964429,  Near-Earth-asteroid-orbits-similar-to-that-of-2062-Aten  
154,173,3484929-(2010 AJ3),False,33.4622374455,74.8238376074,1995-01-24 00:00:00.000000,1970-01-01 00:13:10.950780,earth,19.6716930299,70818.0949077268, An-asteroid-orbit-contained-entirely-within-the-orbit-of-the-Eart  
155,174,3365986-(2007 AV2),True,160.1603379786,358.1294030194,1995-01-24 00:00:00.000000,1970-01-01 00:13:10.982100,earth,23.8683562881,85926.0826372644,  Near-Earth-asteroid-orbits-which-cross-the-Earth’s-orbit-similar-to-that-of-1862-Apollo 
156,175,3405174-(2008 ED8),False,44.1118199997,98.6370281305,1995-02-04 00:00:00.000000,1970-01-01 00:13:11.888760,earth,13.3177213241,47943.7967668918, Near-Earth-asteroid-orbits-similar-to-that-of-1221-Amor  
157,176,3792431-(2017 XT61),False,60.8912622106,136.1570015386,1995-02-04 00:00:00.000000,1970-01-01 00:13:11.858220,earth,9.3593034274,33693.4923385536,  Near-Earth-asteroid-orbits-which-cross-the-Earth’s-orbit-similar-to-that-of-1862-Apollo 
158,178,3511508-(2010 CW180),False,253.8370293645,567.5968528656,1995-02-05 00:00:00.000000,1970-01-01 00:13:11.980260,earth,11.657770373,41967.973342669, An-asteroid-orbit-contained-entirely-within-the-orbit-of-the-Eart  
159,180,3781883-(2017 SN14),False,461.9074602816,1032.8564805039,1995-02-05 00:00:00.000000,1970-01-01 00:13:12.008220,earth,15.8578599967,57088.2959882395,  Near-Earth-asteroid-orbits-similar-to-that-of-2062-Aten  
160,181,2403039-403039 (2008 AE),False,305.1792325939,682.4015094011,1995-02-05 00:00:00.000000,1970-01-01 00:13:11.985900,earth,6.0784978136,21882.5921288516, An-asteroid-orbit-contained-entirely-within-the-orbit-of-the-Eart  
161,182,2417210-417210 (2005 XV77),False,201.6299194428,450.8582061718,1995-02-05 00:00:00.000000,1970-01-01 00:13:11.998080,earth,18.8874457375,67994.8046550187,  Near-Earth-asteroid-orbits-similar-to-that-of-2062-Aten  
162,183,3309092-(2005 YR3),False,63.7609789875,142.5738833281,1995-02-05 00:00:00.000000,1970-01-01 00:13:11.988900,earth,21.7872877584,78434.2359302324,  Near-Earth-asteroid-orbits-which-cross-the-Earth’s-orbit-similar-to-that-of-1862-Apollo 
163,184,3428255-(2008 SD85),False,69.9125232246,156.3291544087,1995-02-05 00:00:00.000000,1970-01-01 00:13:11.952720,earth,17.3712451557,62536.4825605686,  Near-Earth-asteroid-orbits-similar-to-that-of-2062-Aten  
164,185,3660383-(2014 CE),False,11.0803882126,24.7765012606,1995-02-02 00:00:00.000000,1970-01-01 00:13:11.691780,earth,13.4842097626,48543.1551454144, Near-Earth-asteroid-orbits-similar-to-that-of-1221-Amor  
165,186,3092135-(1995 CS),False,21.113244479,47.2106498806,1995-02-02 00:00:00.000000,1970-01-01 00:13:11.724000,earth,24.8346391163,89404.7008187466,  Near-Earth-asteroid-orbits-similar-to-that-of-2062-Aten  
166,188,3437805-(2008 VR4),False,66.7659413495,149.2931834393,1995-02-02 00:00:00.000000,1970-01-01 00:13:11.735040,earth,8.3904973465,30205.7904472893, An-asteroid-orbit-contained-entirely-within-the-orbit-of-the-Eart  
167,189,3730580-(2015 TY237),True,133.2155666981,297.8790627982,1995-02-02 00:00:00.000000,1970-01-01 00:13:11.768940,earth,14.6181287101,52625.2633562682, Near-Earth-asteroid-orbits-similar-to-that-of-1221-Amor  
168,190,3703542-(2015 AE44),False,31.9561886721,71.4562101727,1995-02-03 00:00:00.000000,1970-01-01 00:13:11.835960,earth,6.7460042913,24285.6154486303, An-asteroid-orbit-contained-entirely-within-the-orbit-of-the-Eart  
169,191,3780765-(2017 QB2),False,35.0392641108,78.3501764334,1995-02-03 00:00:00.000000,1970-01-01 00:13:11.803260,earth,6.6223534637,23840.472469422, Near-Earth-asteroid-orbits-similar-to-that-of-1221-Amor  
170,193,3708364-(2015 BP509),False,7.3207398935,16.3696720474,1995-02-03 00:00:00.000000,1970-01-01 00:13:11.797920,earth,25.7737656571,92785.5563657094, Near-Earth-asteroid-orbits-similar-to-that-of-1221-Amor  
171,194,3843842-(2019 RL3),False,127.2198785394,284.4722965033,1995-02-03 00:00:00.000000,1970-01-01 00:13:11.791920,earth,17.0563194182,61402.7499056338, An-asteroid-orbit-contained-entirely-within-the-orbit-of-the-Eart  
172,195,2455176-455176 (1999 VF22),True,192.5550781879,430.566244241,1995-02-01 00:00:00.000000,1970-01-01 00:13:11.597340,earth,40.5274283635,145898.7421084301, Near-Earth-asteroid-orbits-similar-to-that-of-1221-Amor  
173,196,3472700-(2009 UZ87),False,17.561231848,39.2681081809,1995-02-01 00:00:00.000000,1970-01-01 00:13:11.658360,earth,18.6971068429,67309.5846344717,  Near-Earth-asteroid-orbits-similar-to-that-of-2062-Aten  
174,197,3767325-(2017 BK92),True,192.5550781879,430.566244241,1995-02-01 00:00:00.000000,1970-01-01 00:13:11.679360,earth,35.0340043592,126122.4156930422,  Near-Earth-asteroid-orbits-similar-to-that-of-2062-Aten  
175,198,3840753-(2019 FY2),False,8.801465209,19.6806745089,1995-02-01 00:00:00.000000,1970-01-01 00:13:11.649660,earth,16.5295257061,59506.2925419208,  Near-Earth-asteroid-orbits-similar-to-that-of-2062-Aten  
176,199,3825584-(2018 NR1),False,31.9561886721,71.4562101727,1995-02-01 00:00:00.000000,1970-01-01 00:13:11.626680,earth,9.3495624665,33658.4248794278,  Near-Earth-asteroid-orbits-which-cross-the-Earth’s-orbit-similar-to-that-of-1862-Apollo 
177,200,3780805-(2017 QN16),False,127.2198785394,284.4722965033,1995-02-01 00:00:00.000000,1970-01-01 00:13:11.672820,earth,7.7078305278,27748.1899001228,  Near-Earth-asteroid-orbits-which-cross-the-Earth’s-orbit-similar-to-that-of-1862-Apollo 
178,202,2387648-387648 (2002 RT25),False,350.3926411083,783.5017643338,1995-01-30 00:00:00.000000,1970-01-01 00:13:11.432400,earth,15.7296446272,56626.7206579171,  Near-Earth-asteroid-orbits-which-cross-the-Earth’s-orbit-similar-to-that-of-1862-Apollo 
179,203,3797908-(2018 BK5),False,63.7609789875,142.5738833281,1995-01-30 00:00:00.000000,1970-01-01 00:13:11.477820,earth,15.9653601056,57475.2963802219, An-asteroid-orbit-contained-entirely-within-the-orbit-of-the-Eart  
180,204,3775044-(2017 KP27),False,18.388867207,41.1187571041,1995-01-30 00:00:00.000000,1970-01-01 00:13:11.500140,earth,5.2075876342,18747.3154832336, An-asteroid-orbit-contained-entirely-within-the-orbit-of-the-Eart  
181,205,3170203-(2003 YX1),True,175.6123184804,392.6810818086,1995-01-31 00:00:00.000000,1970-01-01 00:13:11.539200,earth,6.4129404844,23086.5857437658,  Near-Earth-asteroid-orbits-which-cross-the-Earth’s-orbit-similar-to-that-of-1862-Apollo 
182,206,3368734-(2007 DH8),False,27.8326768072,62.2357573367,1995-01-31 00:00:00.000000,1970-01-01 00:13:11.515980,earth,9.923215131,35723.5744716026,  Near-Earth-asteroid-orbits-which-cross-the-Earth’s-orbit-similar-to-that-of-1862-Apollo 
183,207,3752779-(2016 JZ5),False,10.5816885933,23.6613750114,1995-01-31 00:00:00.000000,1970-01-01 00:13:11.568720,earth,16.4781785233,59321.4426840186, Near-Earth-asteroid-orbits-similar-to-that-of-1221-Amor  
184,208,2508908-508908 (2003 YX1),True,175.6123184804,392.6810818086,1995-01-31 00:00:00.000000,1970-01-01 00:13:11.593500,earth,6.4129404807,23086.5857304812,  Near-Earth-asteroid-orbits-similar-to-that-of-2062-Aten  
185,209,3278402-(2005 KA),False,30.5179232594,68.2401509401,1995-01-31 00:00:00.000000,1970-01-01 00:13:11.554080,earth,4.2343745681,15243.7484451027,  Near-Earth-asteroid-orbits-which-cross-the-Earth’s-orbit-similar-to-that-of-1862-Apollo 
186,210,3323934-(2006 DX),False,44.1118199997,98.6370281305,1995-01-31 00:00:00.000000,1970-01-01 00:13:11.556720,earth,3.7577068852,13527.7447866089, An-asteroid-orbit-contained-entirely-within-the-orbit-of-the-Eart  
187,212,3989251-(2020 BA11),False,122.787731711,274.5617149089,1995-01-31 00:00:00.000000,1970-01-01 00:13:11.565540,earth,22.4430609927,80795.0195737844, Near-Earth-asteroid-orbits-similar-to-that-of-1221-Amor  
188,213,3989211-(2020 BL9),False,76.410840459,170.8598334843,1995-01-31 00:00:00.000000,1970-01-01 00:13:11.568780,earth,13.9867238342,50352.2058030358, Near-Earth-asteroid-orbits-similar-to-that-of-1221-Amor  
189,214,3446396-(2009 CT5),False,461.9074602816,1032.8564805039,1995-02-08 00:00:00.000000,1970-01-01 00:13:12.248100,earth,39.6053279147,142579.1804929074,  Near-Earth-asteroid-orbits-similar-to-that-of-2062-Aten  
190,216,3764806-(2016 WU7),False,24.2412481101,54.2050786336,1995-02-08 00:00:00.000000,1970-01-01 00:13:12.274980,earth,25.2112885871,90760.6389134336,  Near-Earth-asteroid-orbits-similar-to-that-of-2062-Aten  
191,217,3837976-(2019 BR1),False,201.6299194428,450.8582061718,1995-02-08 00:00:00.000000,1970-01-01 00:13:12.241260,earth,16.3037277839,58693.4200219309,  Near-Earth-asteroid-orbits-which-cross-the-Earth’s-orbit-similar-to-that-of-1862-Apollo 
192,218,3381448-(2007 PV27),True,242.4124811008,542.0507863358,1995-02-09 00:00:00.000000,1970-01-01 00:13:12.292740,earth,14.9377142983,53775.771473867,  Near-Earth-asteroid-orbits-which-cross-the-Earth’s-orbit-similar-to-that-of-1862-Apollo 
193,219,3550089-(2010 UY7),False,5.3034072332,11.8587790858,1995-02-09 00:00:00.000000,1970-01-01 00:13:12.368040,earth,6.2443682031,22479.7255313062,  Near-Earth-asteroid-orbits-which-cross-the-Earth’s-orbit-similar-to-that-of-1862-Apollo 
194,220,3309829-(2005 YL128),False,183.8886720703,411.1875710413,1995-02-09 00:00:00.000000,1970-01-01 00:13:12.347520,earth,13.2817427849,47814.2740256807,  Near-Earth-asteroid-orbits-similar-to-that-of-2062-Aten  
195,221,3837987-(2019 BO2),False,16.0160337979,35.8129403019,1995-02-09 00:00:00.000000,1970-01-01 00:13:12.342660,earth,24.8346139002,89404.6100407693,  Near-Earth-asteroid-orbits-which-cross-the-Earth’s-orbit-similar-to-that-of-1862-Apollo 
196,222,3560054-(2011 FK1),False,48.3676488219,108.1533506775,1995-02-06 00:00:00.000000,1970-01-01 00:13:12.087240,earth,7.5248159935,27089.3375767437, Near-Earth-asteroid-orbits-similar-to-that-of-1221-Amor  
197,223,3684006-(2014 QV296),False,46.1907460282,103.2856480504,1995-02-06 00:00:00.000000,1970-01-01 00:13:12.096840,earth,21.7373225662,78254.3612381832, Near-Earth-asteroid-orbits-similar-to-that-of-1221-Amor  
198,224,2413260-413260 (2003 TL4),True,350.3926411083,783.5017643338,1995-02-06 00:00:00.000000,1970-01-01 00:13:12.029340,earth,16.1419653325,58111.0751970367, An-asteroid-orbit-contained-entirely-within-the-orbit-of-the-Eart  
199,225,3831614-(2018 TM3),False,3.0517923259,6.824015094,1995-02-06 00:00:00.000000,1970-01-01 00:13:12.114780,earth,6.5666597054,23639.9749394382, Near-Earth-asteroid-orbits-similar-to-that-of-1221-Amor  
200,226,3438964-(2008 VA15),False,48.3676488219,108.1533506775,1995-02-07 00:00:00.000000,1970-01-01 00:13:12.185820,earth,2.6374923873,9494.9725943107, An-asteroid-orbit-contained-entirely-within-the-orbit-of-the-Eart  
201,227,3838082-(2019 BF5),True,139.4938229344,311.9176705226,1995-02-07 00:00:00.000000,1970-01-01 00:13:12.134160,earth,32.12017274,115632.6218639942, Near-Earth-asteroid-orbits-similar-to-that-of-1221-Amor  
202,228,3422140-(2008 OS7),True,221.0828103591,494.3561926196,1995-02-07 00:00:00.000000,1970-01-01 00:13:12.155580,earth,16.1459712276,58125.4964194507,  Near-Earth-asteroid-orbits-similar-to-that-of-2062-Aten  
203,229,3507181-(2010 CT),False,253.8370293645,567.5968528656,1995-02-07 00:00:00.000000,1970-01-01 00:13:12.151800,earth,30.1020291698,108367.305011348, Near-Earth-asteroid-orbits-similar-to-that-of-1221-Amor  
204,230,3724111-(2015 NA14),False,105.8168859331,236.6137501138,1995-02-07 00:00:00.000000,1970-01-01 00:13:12.138120,earth,5.2364151536,18851.0945531114, Near-Earth-asteroid-orbits-similar-to-that-of-1221-Amor  
205,231,3398650-(2007 YO56),False,253.8370293645,567.5968528656,1995-02-11 00:00:00.000000,1970-01-01 00:13:12.508500,earth,10.4274035158,37538.6526569696,  Near-Earth-asteroid-orbits-similar-to-that-of-2062-Aten  
206,233,3734189-(2015 VO66),True,201.6299194428,450.8582061718,1995-02-11 00:00:00.000000,1970-01-01 00:13:12.489600,earth,29.681640603,106853.9061708626,  Near-Earth-asteroid-orbits-similar-to-that-of-2062-Aten  
207,234,2512234-512234 (2015 VO66),True,211.1324447897,472.1064988055,1995-02-11 00:00:00.000000,1970-01-01 00:13:12.531240,earth,29.6821345454,106855.6843635937,  Near-Earth-asteroid-orbits-similar-to-that-of-2062-Aten  
208,235,3829436-(2018 RB6),False,18.388867207,41.1187571041,1995-02-11 00:00:00.000000,1970-01-01 00:13:12.496560,earth,23.8783896507,85962.20274257,  Near-Earth-asteroid-orbits-which-cross-the-Earth’s-orbit-similar-to-that-of-1862-Apollo 
209,236,3838779-(2019 CQ5),False,8.4053340207,18.7948982439,1995-02-11 00:00:00.000000,1970-01-01 00:13:12.480960,earth,10.5302108604,37908.7590974166,  Near-Earth-asteroid-orbits-which-cross-the-Earth’s-orbit-similar-to-that-of-1862-Apollo 
210,237,3781463-(2017 RV15),False,101.054341542,225.9643771094,1995-02-12 00:00:00.000000,1970-01-01 00:13:12.565380,earth,13.9092558468,50073.321048304, An-asteroid-orbit-contained-entirely-within-the-orbit-of-the-Eart  
211,238,3182823-(2004 KG1),False,40.2304579834,89.9580388169,1995-02-12 00:00:00.000000,1970-01-01 00:13:12.627120,earth,15.4199862136,55511.9503688952, An-asteroid-orbit-contained-entirely-within-the-orbit-of-the-Eart  
212,239,3798998-(2018 CH),False,13.9493822934,31.1917670523,1995-02-10 00:00:00.000000,1970-01-01 00:13:12.402240,earth,23.1366523178,83291.9483439346, Near-Earth-asteroid-orbits-similar-to-that-of-1221-Amor  
213,240,2154275-154275 (2002 SR41),True,253.8370293645,567.5968528656,1995-02-10 00:00:00.000000,1970-01-01 00:13:12.439920,earth,18.8377199661,67815.791878, An-asteroid-orbit-contained-entirely-within-the-orbit-of-the-Eart  
214,241,3289746-(2005 RK3),False,48.3676488219,108.1533506775,1995-02-10 00:00:00.000000,1970-01-01 00:13:12.445080,earth,7.2711243501,26176.0476603888,  Near-Earth-asteroid-orbits-which-cross-the-Earth’s-orbit-similar-to-that-of-1862-Apollo 
215,243,3770329-(2017 EM),False,18.388867207,41.1187571041,1995-02-19 00:00:00.000000,1970-01-01 00:13:13.226040,earth,16.549422586,59577.921309591, An-asteroid-orbit-contained-entirely-within-the-orbit-of-the-Eart  
216,244,3799712-(2018 DT),False,10.1054341542,22.5964377109,1995-02-19 00:00:00.000000,1970-01-01 00:13:13.216020,earth,2.8293700894,10185.7323219304, Near-Earth-asteroid-orbits-similar-to-that-of-1221-Amor  
217,245,3557485-(2011 CX46),False,101.054341542,225.9643771094,1995-02-19 00:00:00.000000,1970-01-01 00:13:13.204860,earth,28.5520254067,102787.2914641726,  Near-Earth-asteroid-orbits-which-cross-the-Earth’s-orbit-similar-to-that-of-1862-Apollo 
218,246,2275792-275792 (2001 QH142),False,555.334911581,1241.766612574,1995-02-17 00:00:00.000000,1970-01-01 00:13:12.990540,earth,15.6006738164,56162.425739076,  Near-Earth-asteroid-orbits-similar-to-that-of-2062-Aten  
219,247,3422250-(2008 OP8),True,305.1792325939,682.4015094011,1995-02-17 00:00:00.000000,1970-01-01 00:13:13.054980,earth,19.7511350029,71104.0860104116,  Near-Earth-asteroid-orbits-similar-to-that-of-2062-Aten  
220,248,3648878-(2013 TG6),False,12.7219878539,28.4472296503,1995-02-17 00:00:00.000000,1970-01-01 00:13:13.011240,earth,2.3445187289,8440.2674240647,  Near-Earth-asteroid-orbits-similar-to-that-of-2062-Aten  
221,249,3773659-(2017 FQ128),False,127.2198785394,284.4722965033,1995-02-17 00:00:00.000000,1970-01-01 00:13:13.028460,earth,9.9943074343,35979.5067635619,  Near-Earth-asteroid-orbits-similar-to-that-of-2062-Aten  
222,250,2085953-85953 (1999 FK21),False,637.6097898754,1425.7388332807,1995-02-17 00:00:00.000000,1970-01-01 00:13:13.051020,earth,17.4552791428,62839.0049140109, Near-Earth-asteroid-orbits-similar-to-that-of-1221-Amor  
223,251,3403074-(2008 CC175),False,146.0679642714,326.6178974458,1995-02-17 00:00:00.000000,1970-01-01 00:13:13.054860,earth,31.0132588114,111647.7317211876, Near-Earth-asteroid-orbits-similar-to-that-of-1221-Amor  
224,252,3451019-(2009 EF3),False,133.2155666981,297.8790627982,1995-02-17 00:00:00.000000,1970-01-01 00:13:13.018380,earth,10.6494801248,38338.1284491947,  Near-Earth-asteroid-orbits-similar-to-that-of-2062-Aten  
225,253,3766092-(2016 YE3),False,175.6123184804,392.6810818086,1995-02-18 00:00:00.000000,1970-01-01 00:13:13.138380,earth,6.1085229744,21990.6827079513,  Near-Earth-asteroid-orbits-which-cross-the-Earth’s-orbit-similar-to-that-of-1862-Apollo 
226,256,3703545-(2015 AJ44),False,92.1626548503,206.0819612321,1995-02-18 00:00:00.000000,1970-01-01 00:13:13.119660,earth,11.2173481564,40382.4533630756, An-asteroid-orbit-contained-entirely-within-the-orbit-of-the-Eart  
227,257,3776085-(2017 MA5),False,19.2555078188,43.0566244241,1995-02-18 00:00:00.000000,1970-01-01 00:13:13.094340,earth,9.0552146724,32598.7728207093,  Near-Earth-asteroid-orbits-similar-to-that-of-2062-Aten  
228,258,3843636-(2019 QZ3),False,29.1443904535,65.1688382168,1995-02-18 00:00:00.000000,1970-01-01 00:13:13.123500,earth,7.5756500407,27272.340146549, Near-Earth-asteroid-orbits-similar-to-that-of-1221-Amor  
229,259,3647013-(2013 QP48),False,7.3207398935,16.3696720474,1995-02-15 00:00:00.000000,1970-01-01 00:13:12.841200,earth,23.4100298231,84276.1073632331,  Near-Earth-asteroid-orbits-which-cross-the-Earth’s-orbit-similar-to-that-of-1862-Apollo 
230,260,3314405-(2006 BX139),False,242.4124811008,542.0507863358,1995-02-15 00:00:00.000000,1970-01-01 00:13:12.814380,earth,3.089003928,11120.4141406276,  Near-Earth-asteroid-orbits-which-cross-the-Earth’s-orbit-similar-to-that-of-1862-Apollo 
231,261,3702321-(2014 YF),False,76.6575573531,171.4115092306,1995-02-15 00:00:00.000000,1970-01-01 00:13:12.812760,earth,7.919524047,28510.2865690244,  Near-Earth-asteroid-orbits-which-cross-the-Earth’s-orbit-similar-to-that-of-1862-Apollo 
232,262,3447920-(2009 DF1),False,201.6299194428,450.8582061718,1995-02-15 00:00:00.000000,1970-01-01 00:13:12.887760,earth,2.1643758564,7791.7530829515,  Near-Earth-asteroid-orbits-which-cross-the-Earth’s-orbit-similar-to-that-of-1862-Apollo 
233,263,3426410-(2008 QV11),False,167.7084621628,375.0075217981,1995-02-15 00:00:00.000000,1970-01-01 00:13:12.814500,earth,20.0192419611,72069.2710600874,  Near-Earth-asteroid-orbits-similar-to-that-of-2062-Aten  
234,264,3666785-(2014 FP47),False,92.1626548503,206.0819612321,1995-02-15 00:00:00.000000,1970-01-01 00:13:12.873180,earth,8.5268559444,30696.681399696, An-asteroid-orbit-contained-entirely-within-the-orbit-of-the-Eart  
235,265,3719196-(2015 JR1),False,16.0160337979,35.8129403019,1995-02-15 00:00:00.000000,1970-01-01 00:13:12.828780,earth,4.6554785934,16759.7229360863, Near-Earth-asteroid-orbits-similar-to-that-of-1221-Amor  
236,266,3610026-(2012 TB53),False,63.7609789875,142.5738833281,1995-02-15 00:00:00.000000,1970-01-01 00:13:12.871620,earth,7.9199338078,28511.7617082204,  Near-Earth-asteroid-orbits-which-cross-the-Earth’s-orbit-similar-to-that-of-1862-Apollo 
237,267,3989296-(2020 BK13),False,5.4119649666,12.1015215572,1995-02-15 00:00:00.000000,1970-01-01 00:13:12.817800,earth,19.4732712844,70103.7766238148,  Near-Earth-asteroid-orbits-which-cross-the-Earth’s-orbit-similar-to-that-of-1862-Apollo 
238,268,2306462-306462 (1999 RC32),False,530.3407233187,1185.8779085771,1995-02-16 00:00:00.000000,1970-01-01 00:13:12.959700,earth,16.7314553517,60233.2392661186,  Near-Earth-asteroid-orbits-which-cross-the-Earth’s-orbit-similar-to-that-of-1862-Apollo 
239,269,3371672-(2007 FJ1),False,46.1907460282,103.2856480504,1995-02-16 00:00:00.000000,1970-01-01 00:13:12.940320,earth,14.5882415865,52517.6697114198,  Near-Earth-asteroid-orbits-which-cross-the-Earth’s-orbit-similar-to-that-of-1862-Apollo 
240,270,3448109-(2009 DB12),False,139.4938229344,311.9176705226,1995-02-16 00:00:00.000000,1970-01-01 00:13:12.896700,earth,28.2415483514,101669.5740652034,  Near-Earth-asteroid-orbits-which-cross-the-Earth’s-orbit-similar-to-that-of-1862-Apollo 
241,271,3423827-(2008 PR9),False,92.1626548503,206.0819612321,1995-02-16 00:00:00.000000,1970-01-01 00:13:12.951060,earth,16.2996226511,58678.6415438135, Near-Earth-asteroid-orbits-similar-to-that-of-1221-Amor  
242,272,3740929-(2016 BW14),False,18.388867207,41.1187571041,1995-02-16 00:00:00.000000,1970-01-01 00:13:12.971220,earth,10.4619265877,37662.9357158986,  Near-Earth-asteroid-orbits-similar-to-that-of-2062-Aten  
243,273,3752430-(2016 HD3),False,6.676594135,14.9293183439,1995-02-16 00:00:00.000000,1970-01-01 00:13:12.910740,earth,5.4687564032,19687.5230515691, Near-Earth-asteroid-orbits-similar-to-that-of-1221-Amor  
244,274,2192642-192642 (1999 RD32),True,1460.6796427136,3266.1789744576,1995-02-13 00:00:00.000000,1970-01-01 00:13:12.662280,earth,33.9317110082,122154.1596293958,  Near-Earth-asteroid-orbits-similar-to-that-of-2062-Aten  
245,275,3836139-(2018 VA6),False,9.0814454086,20.3067292676,1995-02-13 00:00:00.000000,1970-01-01 00:13:12.662400,earth,13.3856782032,48188.4415313854,  Near-Earth-asteroid-orbits-similar-to-that-of-2062-Aten  
246,277,3799861-(2018 EZ2),False,12.7219878539,28.4472296503,1995-02-13 00:00:00.000000,1970-01-01 00:13:12.719220,earth,17.8763553959,64354.8794253732,  Near-Earth-asteroid-orbits-similar-to-that-of-2062-Aten  
247,278,3836049-(2018 VX1),False,8.4053340207,18.7948982439,1995-02-13 00:00:00.000000,1970-01-01 00:13:12.706800,earth,13.4666716675,48480.018002933, Near-Earth-asteroid-orbits-similar-to-that-of-1221-Amor  
248,279,3798979-(2018 BR6),False,14.6067964271,32.6617897446,1995-02-13 00:00:00.000000,1970-01-01 00:13:12.638040,earth,17.715238164,63774.8573904191,  Near-Earth-asteroid-orbits-which-cross-the-Earth’s-orbit-similar-to-that-of-1862-Apollo 
249,280,3776011-(2017 MZ2),False,20.1629919443,45.0858206172,1995-02-13 00:00:00.000000,1970-01-01 00:13:12.693360,earth,13.4239826447,48326.3375207753,  Near-Earth-asteroid-orbits-which-cross-the-Earth’s-orbit-similar-to-that-of-1862-Apollo 
250,281,3402249-(2008 CK70),False,27.8326768072,62.2357573367,1995-02-14 00:00:00.000000,1970-01-01 00:13:12.726780,earth,8.4443752677,30399.7509636371,  Near-Earth-asteroid-orbits-similar-to-that-of-2062-Aten  
251,282,2162015-162015 (1994 TF2),False,384.1978910643,859.0926012318,1995-02-14 00:00:00.000000,1970-01-01 00:13:12.721380,earth,16.820418964,60553.5082703158,  Near-Earth-asteroid-orbits-which-cross-the-Earth’s-orbit-similar-to-that-of-1862-Apollo 
252,283,3843369-(2019 OS1),False,96.5061469579,215.7943048444,1995-02-14 00:00:00.000000,1970-01-01 00:13:12.792060,earth,11.2628643232,40546.3115634109, Near-Earth-asteroid-orbits-similar-to-that-of-1221-Amor  
253,284,3892166-(2019 UP13),False,53.0340723319,118.5877908577,1995-02-14 00:00:00.000000,1970-01-01 00:13:12.751200,earth,20.4659421992,73677.3919169638, An-asteroid-orbit-contained-entirely-within-the-orbit-of-the-Eart  
254,285,3757202-(2016 PP27),False,50.6471458835,113.2504610618,1995-02-26 00:00:00.000000,1970-01-01 00:13:13.794720,earth,14.1517345446,50946.244360511, An-asteroid-orbit-contained-entirely-within-the-orbit-of-the-Eart  
255,286,3799683-(2018 DC),False,30.5179232594,68.2401509401,1995-02-26 00:00:00.000000,1970-01-01 00:13:13.842540,earth,11.5355023458,41527.8084448228,  Near-Earth-asteroid-orbits-which-cross-the-Earth’s-orbit-similar-to-that-of-1862-Apollo 
256,287,2334412-334412 (2002 EZ2),False,242.4124811008,542.0507863358,1995-02-26 00:00:00.000000,1970-01-01 00:13:13.779600,earth,7.3360990579,26409.9566083647, Near-Earth-asteroid-orbits-similar-to-that-of-1221-Amor  
257,288,2340291-340291 (2006 CV),False,291.4439045349,651.6883821679,1995-02-26 00:00:00.000000,1970-01-01 00:13:13.776780,earth,16.0048924285,57617.612742524, An-asteroid-orbit-contained-entirely-within-the-orbit-of-the-Eart  
258,289,3989242-(2020 BN10),True,171.0625637514,382.5075209536,1995-02-26 00:00:00.000000,1970-01-01 00:13:13.767960,earth,16.0719798098,57859.1273154496,  Near-Earth-asteroid-orbits-which-cross-the-Earth’s-orbit-similar-to-that-of-1862-Apollo 
259,290,3766034-(2016 XQ23),False,581.5070396458,1300.2892700427,1995-02-24 00:00:00.000000,1970-01-01 00:13:13.642200,earth,10.6718263642,38418.5749110826, Near-Earth-asteroid-orbits-similar-to-that-of-1221-Amor  
260,291,3627010-(2013 CL129),False,5.5533491158,12.4176661257,1995-02-24 00:00:00.000000,1970-01-01 00:13:13.638240,earth,12.2801695833,44208.6104999563,  Near-Earth-asteroid-orbits-which-cross-the-Earth’s-orbit-similar-to-that-of-1862-Apollo 
261,292,3031176-(2000 EB14),False,63.7609789875,142.5738833281,1995-02-24 00:00:00.000000,1970-01-01 00:13:13.651560,earth,29.9575051775,107847.0186391105,  Near-Earth-asteroid-orbits-similar-to-that-of-2062-Aten  
262,293,3989653-(2020 CJ1),False,44.9940386047,100.6097289024,1995-02-24 00:00:00.000000,1970-01-01 00:13:13.602540,earth,3.6067025449,12984.1291616758,  Near-Earth-asteroid-orbits-similar-to-that-of-2062-Aten  
263,294,3599543-(2012 DQ8),False,146.0679642714,326.6178974458,1995-02-25 00:00:00.000000,1970-01-01 00:13:13.676220,earth,17.1644285178,61791.9426639731, An-asteroid-orbit-contained-entirely-within-the-orbit-of-the-Eart  
264,295,3736504-(2015 XN261),False,15.2951935344,34.201092472,1995-02-25 00:00:00.000000,1970-01-01 00:13:13.710840,earth,4.7740040353,17186.4145271212, Near-Earth-asteroid-orbits-similar-to-that-of-1221-Amor  
265,296,3771019-(2017 ED3),False,38.4197891064,85.9092601232,1995-02-25 00:00:00.000000,1970-01-01 00:13:13.671960,earth,4.3442246652,15639.2087947834, An-asteroid-orbit-contained-entirely-within-the-orbit-of-the-Eart  
266,297,3843177-(2019 NW3),False,63.7609789875,142.5738833281,1995-02-25 00:00:00.000000,1970-01-01 00:13:13.738200,earth,15.6983661426,56514.118113464,  Near-Earth-asteroid-orbits-which-cross-the-Earth’s-orbit-similar-to-that-of-1862-Apollo 
267,298,3986764-(2020 BM1),False,20.7469842192,46.3916670422,1995-02-25 00:00:00.000000,1970-01-01 00:13:13.714080,earth,9.8624570411,35504.8453480715,  Near-Earth-asteroid-orbits-similar-to-that-of-2062-Aten  
268,299,3646046-(2013 QU1),True,146.0679642714,326.6178974458,1995-02-22 00:00:00.000000,1970-01-01 00:13:13.436460,earth,19.2231654576,69203.395647432,  Near-Earth-asteroid-orbits-which-cross-the-Earth’s-orbit-similar-to-that-of-1862-Apollo 
269,300,3780693-(2017 PZ26),False,11.0803882126,24.7765012606,1995-02-22 00:00:00.000000,1970-01-01 00:13:13.434720,earth,7.1641480595,25790.9330143395, Near-Earth-asteroid-orbits-similar-to-that-of-1221-Amor  
270,301,3840126-(2018 PM28),False,19.2555078188,43.0566244241,1995-02-22 00:00:00.000000,1970-01-01 00:13:13.468800,earth,3.559962966,12815.8666774639, Near-Earth-asteroid-orbits-similar-to-that-of-1221-Amor  
271,302,3005973-(1995 CR),True,121.4940407996,271.6689340891,1995-02-22 00:00:00.000000,1970-01-01 00:13:13.452840,earth,28.4189571094,102308.2455937979,  Near-Earth-asteroid-orbits-which-cross-the-Earth’s-orbit-similar-to-that-of-1862-Apollo 
272,303,3348144-(2006 TL),False,44.1118199997,98.6370281305,1995-02-22 00:00:00.000000,1970-01-01 00:13:13.460280,earth,17.5649076529,63233.6675505206, An-asteroid-orbit-contained-entirely-within-the-orbit-of-the-Eart  
273,304,3660308-(2014 BR57),False,44.1118199997,98.6370281305,1995-02-22 00:00:00.000000,1970-01-01 00:13:13.432800,earth,10.5515197723,37985.4711801058,  Near-Earth-asteroid-orbits-which-cross-the-Earth’s-orbit-similar-to-that-of-1862-Apollo 
274,305,2200840-200840 (2001 XN254),True,802.7031672829,1794.8988477988,1995-02-23 00:00:00.000000,1970-01-01 00:13:13.520520,earth,10.0294124178,36105.8847039331,  Near-Earth-asteroid-orbits-which-cross-the-Earth’s-orbit-similar-to-that-of-1862-Apollo 
275,306,3726012-(2015 PS228),False,4.6190746028,10.328564805,1995-02-23 00:00:00.000000,1970-01-01 00:13:13.565520,earth,10.6105246542,38197.8887550016, Near-Earth-asteroid-orbits-similar-to-that-of-1221-Amor  
276,307,3664086-(2014 EC49),False,53.0340723319,118.5877908577,1995-02-23 00:00:00.000000,1970-01-01 00:13:13.526820,earth,20.7028686255,74530.3270516308, An-asteroid-orbit-contained-entirely-within-the-orbit-of-the-Eart  
277,308,2216985-216985 (2000 QK130),True,160.1603379786,358.1294030194,1995-02-23 00:00:00.000000,1970-01-01 00:13:13.563720,earth,17.947262088,64610.143516674, Near-Earth-asteroid-orbits-similar-to-that-of-1221-Amor  
278,309,2455594-455594 (2004 SV55),False,699.1252322458,1563.2915440869,1995-02-23 00:00:00.000000,1970-01-01 00:13:13.552260,earth,37.6101691531,135396.6089510848,  Near-Earth-asteroid-orbits-which-cross-the-Earth’s-orbit-similar-to-that-of-1862-Apollo 
279,310,3404525-(2008 EJ),False,291.4439045349,651.6883821679,1995-02-23 00:00:00.000000,1970-01-01 00:13:13.498260,earth,28.810387646,103717.395525622,  Near-Earth-asteroid-orbits-similar-to-that-of-2062-Aten  
280,311,3799830-(2018 ES1),False,11.6025908209,25.9441817907,1995-02-23 00:00:00.000000,1970-01-01 00:13:13.551900,earth,14.9956368105,53984.292517769, An-asteroid-orbit-contained-entirely-within-the-orbit-of-the-Eart  
281,312,3627116-(2013 DM1),False,265.8,594.3468684194,1995-02-23 00:00:00.000000,1970-01-01 00:13:13.574700,earth,27.9375247264,100575.0890150731, Near-Earth-asteroid-orbits-similar-to-that-of-1221-Amor  
282,313,3781977-(2017 SV19),False,26.58,59.4346868419,1995-02-20 00:00:00.000000,1970-01-01 00:13:13.320060,earth,0.681436673,2453.1720226433,  Near-Earth-asteroid-orbits-which-cross-the-Earth’s-orbit-similar-to-that-of-1862-Apollo 
283,314,3264547-(2004 YA5),False,80.2703167283,179.4898847799,1995-02-20 00:00:00.000000,1970-01-01 00:13:13.319100,earth,18.0944504784,65140.0217221424, Near-Earth-asteroid-orbits-similar-to-that-of-1221-Amor  
284,315,3368184-(2007 CA27),False,146.0679642714,326.6178974458,1995-02-20 00:00:00.000000,1970-01-01 00:13:13.242480,earth,17.3399436264,62423.7970551548,  Near-Earth-asteroid-orbits-similar-to-that-of-2062-Aten  
285,316,3625940-(2013 CL22),False,30.5179232594,68.2401509401,1995-02-20 00:00:00.000000,1970-01-01 00:13:13.304040,earth,13.4359250562,48369.330202288,  Near-Earth-asteroid-orbits-which-cross-the-Earth’s-orbit-similar-to-that-of-1862-Apollo 
286,317,3744785-(2016 CL264),True,366.9061375314,820.4270648822,1995-02-20 00:00:00.000000,1970-01-01 00:13:13.285920,earth,21.7309566082,78231.4437895517, Near-Earth-asteroid-orbits-similar-to-that-of-1221-Amor  
287,318,2152685-152685 (1998 MZ),True,384.1978910643,859.0926012318,1995-02-20 00:00:00.000000,1970-01-01 00:13:13.273140,earth,18.8746964548,67948.9072373912,  Near-Earth-asteroid-orbits-similar-to-that-of-2062-Aten  
288,319,2326386-326386 (2001 OA14),False,530.3407233187,1185.8779085771,1995-02-20 00:00:00.000000,1970-01-01 00:13:13.272960,earth,21.8388396327,78619.8226778388, Near-Earth-asteroid-orbits-similar-to-that-of-1221-Amor  
289,320,3638380-(2013 JL22),True,146.0679642714,326.6178974458,1995-02-20 00:00:00.000000,1970-01-01 00:13:13.262820,earth,18.2886298538,65839.0674735529,  Near-Earth-asteroid-orbits-similar-to-that-of-2062-Aten  
290,321,2526826-526826 (2007 CA27),False,146.0679642714,326.6178974458,1995-02-20 00:00:00.000000,1970-01-01 00:13:13.242480,earth,17.3399435263,62423.7966946249, An-asteroid-orbit-contained-entirely-within-the-orbit-of-the-Eart  
291,322,2303450-303450 (2005 BY2),True,211.1324447897,472.1064988055,1995-02-21 00:00:00.000000,1970-01-01 00:13:13.339620,earth,6.5617579266,23622.3285357672,  Near-Earth-asteroid-orbits-which-cross-the-Earth’s-orbit-similar-to-that-of-1862-Apollo 
292,323,3596492-(2012 BV61),False,24.2412481101,54.2050786336,1995-02-21 00:00:00.000000,1970-01-01 00:13:13.378980,earth,10.5124589424,37844.8521924812, Near-Earth-asteroid-orbits-similar-to-that-of-1221-Amor  
293,324,3743607-(2016 CV193),False,80.2703167283,179.4898847799,1995-02-21 00:00:00.000000,1970-01-01 00:13:13.402980,earth,5.279469911,19006.0916796957, An-asteroid-orbit-contained-entirely-within-the-orbit-of-the-Eart  
294,325,3744694-(2016 DH),False,8.4053340207,18.7948982439,1995-02-21 00:00:00.000000,1970-01-01 00:13:13.404960,earth,5.439276664,19581.3959904839,  Near-Earth-asteroid-orbits-which-cross-the-Earth’s-orbit-similar-to-that-of-1862-Apollo 
295,326,3770349-(2017 EU),False,231.5021222103,517.6544821978,1995-02-21 00:00:00.000000,1970-01-01 00:13:13.376220,earth,24.5854821807,88507.7358504059, Near-Earth-asteroid-orbits-similar-to-that-of-1221-Amor  
296,327,2311554-311554 (2006 BQ147),False,483.6764882185,1081.533506775,1995-02-21 00:00:00.000000,1970-01-01 00:13:13.387740,earth,15.474761059,55709.1398122884, Near-Earth-asteroid-orbits-similar-to-that-of-1221-Amor  
297,328,2267136-267136 (2000 EF104),False,441.1181999969,986.3702813054,1995-02-21 00:00:00.000000,1970-01-01 00:13:13.340220,earth,16.1803917206,58249.4101939976,  Near-Earth-asteroid-orbits-similar-to-that-of-2062-Aten  
298,329,3360486-(2006 WE4),False,441.1181999969,986.3702813054,1995-02-21 00:00:00.000000,1970-01-01 00:13:13.381440,earth,15.1061401776,54382.1046394622,  Near-Earth-asteroid-orbits-which-cross-the-Earth’s-orbit-similar-to-that-of-1862-Apollo 
299,330,3656919-(2014 BG3),False,160.1603379786,358.1294030194,1995-02-21 00:00:00.000000,1970-01-01 00:13:13.368480,earth,20.3431731991,73235.4235168198, An-asteroid-orbit-contained-entirely-within-the-orbit-of-the-Eart  
300,331,3803762-(2018 GY4),False,421.2646105562,941.9763057186,1995-02-21 00:00:00.000000,1970-01-01 00:13:13.371240,earth,29.7324258494,107036.7330578476,  Near-Earth-asteroid-orbits-similar-to-that-of-2062-Aten  
